path	user
//_GetPerforceHistoryDependingOnFileType.vi	 peter.prinzen
//_test_console_stdOut.vi	 peter.prinzen
//CommonLib/10_AppControl/02_Error-Info-Logging(Management)/Private/ActionEngine/INI/ErrILM_NF_AE_INI-ErrorMap(WithPython).vi	 igor.pugliesi
//CommonLib/11_Dialog_UI/GUI-Elements/GUI-Elements.lvlib	 peter.prinzen
//CommonLib/11_Dialog_UI/GUI-Elements/public/typedefs/GUI_Elements-GraphScalingPalette.ctl	 peter.prinzen
//CommonLib/11_Dialog_UI/GUI-Elements/public/typedefs/GUI_Elements-GraphScalingPalette_Tool-Crosshair.ctl	 peter.prinzen
//CommonLib/11_Dialog_UI/GUI-Elements/public/typedefs/GUI_Elements-GraphScalingPalette_Tool-hand.ctl	 peter.prinzen
//CommonLib/11_Dialog_UI/GUI-Elements/public/typedefs/GUI_Elements-GraphScalingPalette_Tool-x-man.ctl	 peter.prinzen
//CommonLib/11_Dialog_UI/GUI-Elements/public/typedefs/GUI_Elements-GraphScalingPalette_Tool-xy-zoom.ctl	 peter.prinzen
//CommonLib/11_Dialog_UI/GUI-Elements/public/typedefs/GUI_Elements-GraphScalingPalette_Tool-y-man.ctl	 peter.prinzen
//CommonLib/11_Dialog_UI/GUI-Elements/public/typedefs/GUI_Elements-GraphScalingPalette_Tool-y2-man.ctl	 peter.prinzen
//CommonLib/11_Dialog_UI/OptionsDialog/DialogFramework/resource/dialog/PreferencesDialog/optionsFrame_OpenPageRef.vi	 peter.prinzen
//CommonLib/11_Dialog_UI/OptionsDialog/Examples/RTAD/RTAD Options Dialog Example.vi	 peter.prinzen
//CommonLib/12_InOut/Communication/Process-Synchronization-Engine/_all.vi	 peter.prinzen
//CommonLib/13_FP-Design/Graph-Management/GraphM.lvlib	 kilian.frhler
//CommonLib/20_Functions/File_IO/public/_Test_Call_StdIO_Test.vi	 peter.prinzen
//CommonLib/20_Functions/File_IO/public/File Tree/ExplorerTree Recursive Files(ListFiles).vi	 igor.pugliesi
//CommonLib/20_Functions/File_IO/public/File Tree/ExplorerTree Recursive Files.vi	 igor.pugliesi
//CommonLib/20_Functions/File_IO/public/Util CalcRelativePath.vi	 igor.pugliesi
//CommonLib/20_Functions/File_IO/public/Util CheckVolumeFreeSpace.vi	 igor.pugliesi
//CommonLib/20_Functions/File_IO_Functions.lvlib	 igor.pugliesi
//CommonLib/VI_documentation/_Test_LVLIB_.vi	 peter.prinzen
//CommonLib/VI_documentation/private/VIDocu_GetSubVIDesc+Pic 2.vi	 peter.prinzen
//CommonLib/VI_documentation/public/utils/VIDocu_GetTypeDefDesc+Pic.vi	 peter.prinzen
//CommonLib/VI_documentation/public/VIDocu_Document_lvlib.vi	 peter.prinzen
//CommonLib/VI_documentation/VI_Documentation.lvlib	 peter.prinzen
//CommonLib/VI_documentation/VI_Documentation.lvproj	 peter.prinzen
//CommonTools/AmplifierValidationTool/Public/Evaluation/AmpValid_DM_ShowGlasChipArtifacts.vi	 Timo_Stengel
//CommonTools/InstallTools/private/UI-utilities/MakeSignedInstaller Options Dialog LoadSave INIFile.vi	 peter.prinzen
//HWLib/FTDI D2xx/Private/FTD2XX_NX_allVIs.vi	 peter.prinzen
//HWLib/Sciospec USB DAQ96/Public/Configure/USB_DAQ96 TranslateStimConfig.vi	 peter.prinzen
//HWLib/Sciospec USB DAQ96/Public/Data/USB_DAQ96 Read Measurement Data.vi	 peter.prinzen
//HWLib/TempControlV2/Private/TempV2_Cluster.ctl	 stephan.holzhauser
//HWLib/TempControlV2/Private/TempV2_Command_UE.ctl	 stephan.holzhauser
//HWLib/TempControlV2/Private/TempV2_Deck_Position.ctl	 stephan.holzhauser
//HWLib/TempControlV2/Private/TempV2_MC_Position.ctl	 stephan.holzhauser
//HWLib/TempControlV2/Private/TempV2_NH_Get_All_Temperatures.vi	 stephan.holzhauser
//HWLib/TempControlV2/Private/TempV2_NH_Get_Default_Colors.vi	 stephan.holzhauser
//HWLib/TempControlV2/Private/TempV2_NH_Get_Humidity_for_ID.vi	 stephan.holzhauser
//HWLib/TempControlV2/Private/TempV2_NH_Set_Default_Colors.vi	 stephan.holzhauser
//HWLib/TempControlV2/Private/TempV2_NH_Set_Default_Colors_Dialog.vi	 stephan.holzhauser
//HWLib/TempControlV2/Private/TempV2_NX_CMD_to_TC_Event.vi	 stephan.holzhauser
//HWLib/TempControlV2/Public/TempV2_NH_Hardware_Engine.vi	 stephan.holzhauser
//HWLib/TempControlV2/Public/TempV2_OH_FGV.vi	 stephan.holzhauser
//HWLib/TempControlV2/Public/TempV2_PH_Configuration_Main_Dialog.vi	 stephan.holzhauser
//HWLib/TempControlV2/Public/TempV2_PH_Deckposition_Slave.vi	 stephan.holzhauser
//HWLib/TempControlV2/Public/TempV2_PH_Main.vi	 stephan.holzhauser
//HWLib/TempControlV2/Public/TempV2_PH_Main_Starter.vi	 stephan.holzhauser
//HWLib/TempControlV2/Public/TempV2_PH_Modul_Slave.vi	 stephan.holzhauser
//HWLib/TempControlV2/TempV2.lvlib	 stephan.holzhauser
//HWLib/TempControlV2/TempV2.lvproj	 stephan.holzhauser
//Test_DataRecord.vi	 peter.prinzen
//VersionMerges.txt	 peter.prinzen
//WP_based/00_CommonLib/11_Dialog_UI/Graph/Graph.lvproj	 peter.prinzen
//WP_based/00_CommonLib/11_Dialog_UI/Graph/public/Graph_NX_PlaceManScalingInput.vi	 peter.prinzen
//WP_based/00_CommonLib/11_Dialog_UI/Graph/public/GraphPalette/GraphPalette_NX_ApplyAutoScaleButtonChange.vi	 peter.prinzen
//WP_based/00_CommonLib/11_Dialog_UI/Graph/public/GraphPalette/GraphPalette_NX_Handle_ToolChange.vi	 peter.prinzen
//WP_based/00_CommonLib/11_Dialog_UI/Graph/public/GraphPalette/GraphPalette_NX_Hide_ManScaleControls.vi	 peter.prinzen
//WP_based/00_CommonLib/11_Dialog_UI/Graph/public/GraphPalette/GraphPalette_NX_Init_Picture.vi	 peter.prinzen
//WP_based/00_CommonLib/11_Dialog_UI/Graph/public/GraphPalette/GraphPalette_NX_InitGraphPalette+ManInputCluster.vi	 peter.prinzen
//WP_based/00_CommonLib/11_Dialog_UI/Graph/public/GraphPalette/GraphPalette_NX_Place_Ctrl+ScaleInput.vi	 peter.prinzen
//WP_based/00_CommonLib/11_Dialog_UI/Graph/public/GraphPalette/GraphPalette_NX_Place_Palette.vi	 peter.prinzen
//WP_based/00_CommonLib/11_Dialog_UI/Graph/public/GraphPalette/GraphPalette_NX_Set_AutoScaleButtons.vi	 peter.prinzen
//WP_based/00_CommonLib/11_Dialog_UI/Graph/public/GraphPalette/GraphPalette_NX_ShowHide_Y2_Buttons.vi	 peter.prinzen
//WP_based/00_CommonLib/11_Dialog_UI/Graph/public/GraphPalette/GraphPalette_NX_Update_ToolSelection.vi	 peter.prinzen
//WP_based/00_CommonLib/11_Dialog_UI/Graph/public/GraphPalette/typedefs/GraphPalette+ManInputRefs.ctl	 peter.prinzen
//WP_based/00_CommonLib/12_InOut/CIPA_Interface/CIPA_Int.lvlib	 kilian.frhler
//WP_based/00_CommonLib/12_InOut/CIPA_Interface/Example(Test)/CiPA_Int_AllowedTags.ini	 kilian.frhler
//WP_based/00_CommonLib/12_InOut/CIPA_Interface/Example(Test)/trial.xml	 kilian.frhler
//WP_based/00_CommonLib/12_InOut/CIPA_Interface/private/CiPAInt_LF_CloneNode.vi	 kilian.frhler
//WP_based/00_CommonLib/12_InOut/CIPA_Interface/private/CiPAInt_LF_CreateIntermHeader.vi	 kilian.frhler
//WP_based/00_CommonLib/12_InOut/CIPA_Interface/private/CiPAInt_LF_SetFromIniFile.vi	 kilian.frhler
//WP_based/00_CommonLib/12_InOut/CIPA_Interface/private/CiPAInt_LX_AddContVar.vi	 kilian.frhler
//WP_based/00_CommonLib/12_InOut/CIPA_Interface/private/CiPAInt_LX_CheckXMLNodes.vi	 kilian.frhler
//WP_based/00_CommonLib/12_InOut/CIPA_Interface/private/CiPAInt_LX_CurrRes.vi	 kilian.frhler
//WP_based/00_CommonLib/12_InOut/CIPA_Interface/private/CiPAInt_LX_DevSect.vi	 kilian.frhler
//WP_based/00_CommonLib/12_InOut/CIPA_Interface/private/CiPAInt_LX_ExpHeader.vi	 kilian.frhler
//WP_based/00_CommonLib/12_InOut/CIPA_Interface/private/CiPAInt_LX_ExpSect.vi	 kilian.frhler
//WP_based/00_CommonLib/12_InOut/CIPA_Interface/private/CiPAInt_LX_InitContrVar.vi	 kilian.frhler
//WP_based/00_CommonLib/12_InOut/CIPA_Interface/private/CiPAInt_LX_InitXMLCheck.vi	 kilian.frhler
//WP_based/00_CommonLib/12_InOut/CIPA_Interface/private/CiPAInt_LX_LiqAddProt.vi	 kilian.frhler
//WP_based/00_CommonLib/12_InOut/CIPA_Interface/private/CiPAInt_LX_LiqJuncPotSect.vi	 kilian.frhler
//WP_based/00_CommonLib/12_InOut/CIPA_Interface/private/CiPAInt_LX_LiqSect.vi	 kilian.frhler
//WP_based/00_CommonLib/12_InOut/CIPA_Interface/private/CiPAInt_LX_PreSweepCursors.vi	 kilian.frhler
//WP_based/00_CommonLib/12_InOut/CIPA_Interface/private/CiPAInt_LX_PreSweepResults.vi	 kilian.frhler
//WP_based/00_CommonLib/12_InOut/CIPA_Interface/private/CiPAInt_LX_PreSweepSequence.vi	 kilian.frhler
//WP_based/00_CommonLib/12_InOut/CIPA_Interface/private/CiPAInt_LX_ProtHeader.vi	 kilian.frhler
//WP_based/00_CommonLib/12_InOut/CIPA_Interface/private/CiPAInt_LX_ProtSect.vi	 kilian.frhler
//WP_based/00_CommonLib/12_InOut/CIPA_Interface/private/CiPAInt_LX_ProtTimeSeq.vi	 kilian.frhler
//WP_based/00_CommonLib/12_InOut/CIPA_Interface/private/CiPAInt_LX_ResHeader.vi	 kilian.frhler
//WP_based/00_CommonLib/12_InOut/CIPA_Interface/private/CiPAInt_LX_ResultSeq.vi	 kilian.frhler
//WP_based/00_CommonLib/12_InOut/CIPA_Interface/private/CiPAInt_LX_TrialSect.vi	 kilian.frhler
//WP_based/00_CommonLib/12_InOut/CIPA_Interface/private/CiPAInt_LX_VoltRes.vi	 kilian.frhler
//WP_based/00_CommonLib/12_InOut/CIPA_Interface/private/CiPAInt_LX_WriteContrVar.vi	 kilian.frhler
//WP_based/00_CommonLib/12_InOut/CIPA_Interface/private/typedefs/CiPAInt_ExpCaseSelector.ctl	 kilian.frhler
//WP_based/00_CommonLib/12_InOut/CIPA_Interface/private/typedefs/CIPAInt_FGVCluster.ctl	 kilian.frhler
//WP_based/00_CommonLib/12_InOut/CIPA_Interface/private/typedefs/CiPAInt_ResultsSelector.ctl	 kilian.frhler
//WP_based/00_CommonLib/12_InOut/CIPA_Interface/private/typedefs/CiPAInt_SelectSection.ctl	 kilian.frhler
//WP_based/00_CommonLib/12_InOut/CIPA_Interface/private/typedefs/CiPAInt_SetMap.ctl	 kilian.frhler
//WP_based/00_CommonLib/12_InOut/CIPA_Interface/public/CiPAInt_LF_GenCSVFile.vi	 kilian.frhler
//WP_based/00_CommonLib/12_InOut/CIPA_Interface/public/CiPAInt_LF_GenXMLFile.vi	 kilian.frhler
//WP_based/00_CommonLib/14_Conversions/Public/Convrt_LX_Export_FormatValEx.vi	 kilian.frhler
//WP_based/10_DataModel/11_DM_Analyser/AvgFit/AvgFit.lvlib	 kilian.frhler
//WP_based/10_DataModel/11_DM_Analyser/AvgFit/private/AvgFit_NX_CalcAVGFitResult.vi	 kilian.frhler
//WP_based/10_DataModel/11_DM_Analyser/AvgFit/private/AvgFit_NX_UpdAvgChipFitData.vi	 kilian.frhler
//WP_based/10_DataModel/11_DM_Analyser/AvgFit/public/AvgFit_NX_GetCompundChipFitData.vi	 kilian.frhler
//WP_based/10_DataModel/11_DM_Analyser/AvgFit/public/AvgFit_NX_UpdAvgChipFitData.vi	 kilian.frhler
//WP_based/10_DataModel/11_DM_Analyser/DM_CmpTrAv/CmpTrAv.lvlib	 kilian.frhler
//WP_based/10_DataModel/11_DM_Analyser/DM_CmpTrAv/public/typedefs/CmpTrAv_AvgData2WellConc_El.ctl	 kilian.frhler
//WP_based/10_DataModel/11_DM_Analyser/DM_GrpData_CtrlGrp/DM_GrpCtl.lvlib	 kilian.frhler
//WP_based/10_DataModel/11_DM_Analyser/DM_GrpData_CtrlGrp/private/GrpOADataCtrl_NX_FGVGetGroupedOADataCtrlGrp(GetWellData).vi	 kilian.frhler
//WP_based/10_DataModel/11_DM_Analyser/DM_GrpData_CtrlGrp/private/GrpOADataCtrl_NX_FGVGetGroupedOADataCtrlGrp(InitAll).vi	 kilian.frhler
//WP_based/10_DataModel/11_DM_Analyser/DM_GrpData_CtrlGrp/private/GrpOADataCtrl_NX_FGVGetGroupedOADataCtrlGrp(SetOutdated).vi	 kilian.frhler
//WP_based/10_DataModel/11_DM_Analyser/DM_GrpData_CtrlGrp/private/GrpOADataCtrl_OX_FGVGetGroupedOADataCtrlGrp.vi	 kilian.frhler
//WP_based/10_DataModel/11_DM_Analyser/DM_GrpData_CtrlGrp/public/DM_Ana_OX_FuncGlobalCtrlGroup.vi	 kilian.frhler
//WP_based/10_DataModel/11_DM_Analyser/DM_GrpData_CtrlGrp/public/GrpOADataCtrl_NX_FGVGetGroupedOADataCtrlGrp(API).vi	 kilian.frhler
//WP_based/10_DataModel/11_DM_Analyser/DM_GrpData_CtrlGrp/public/Typedefs/DM_Ana_FuncGlobalCtrGroupMode.ctl	 kilian.frhler
//WP_based/10_DataModel/11_DM_Analyser/DM_ResTbl/public/DM_Ana_RsltTb_NX_ExportItemsConst.vi	 kilian.frhler
//WP_based/10_DataModel/11_DM_Analyser/DM_ResTbl/public/typedefs/DM_Ana_ReportItem.ctl	 kilian.frhler
//WP_based/10_DataModel/11_DM_Analyser/DM_ResTbl/public/typedefs/DM_Ana_ResTbl_ReportConfig.ctl	 kilian.frhler
//WP_based/10_DataModel/11_DM_Analyser/DM_TraceExport/public/tRACEeXP_NX_ExportTraces2png.vi	 peter.prinzen
//WP_based/10_DataModel/11_DM_Analyser/DM_WlOADat/private/WlOADat_OX_FuncGlobalWellOAData.vi	 kilian.frhler
//WP_based/10_DataModel/11_DM_Analyser/private/GeneralDM(API)/DM_Ana_NF_ReadAnaFile.vi	 kilian.frhler
//WP_based/10_DataModel/11_DM_Analyser/private/WriteItems2LibrarySubs/DM_Ana_NF_Write.vi	 kilian.frhler
//WP_based/10_DataModel/11_DM_Analyser/private/WriteItems2LibrarySubs/DM_Ana_NX_ConvertReportConfigV1.0_V1.1.vi	 kilian.frhler
//WP_based/10_DataModel/11_DM_Analyser/public/DM_Ana_NX_GetHeader_GetData.vi	 kilian.frhler
//WP_based/10_DataModel/11_DM_Analyser/public/typedefs/DM_Ana_ColumnSeparator.ctl	 kilian.frhler
//WP_based/10_DataModel/11_DM_Analyser/public/typedefs/DM_Ana_DecimalSeparator.ctl	 kilian.frhler
//WP_based/10_DataModel/11_DM_Analyser/public/typedefs/DM_Ana_HeaderType.ctl	 kilian.frhler
//WP_based/10_DataModel/11_DM_Analyser/public/typedefs/DM_Ana_RsltTb_HeaderType.ctl	 kilian.frhler
//WP_based/10_DataModel/11_DM_Analyser/public/typedefs/DM_Ana_UndefFormat.ctl	 kilian.frhler
//WP_based/50_CommonModules/30_FileHd/private/FileHd_NX_Checksum(Analysis).vi	 peter.prinzen
//WP_based/50_CommonModules/30_FileHd/private/FileHd_NX_Checksum(LinkedTemplate).vi	 peter.prinzen
//WP_based/50_CommonModules/30_FileHd/private/FileHd_NX_SetLinkedAntFileChecksum.vi	 peter.prinzen
//WP_based/50_CommonModules/40_Report/private/Report-Parts/PDF_NX_Report_InsertSingleResultDetails.vi	 peter.prinzen
//WP_based/50_CommonModules/50_Table/private/Table2Any_NX_ReportConfig_ParseStructure.vi	 kilian.frhler
//WP_based/50_CommonModules/50_Table/private/Table2Any_NX_Table_Create QC_Report.vi	 kilian.frhler
//WP_based/50_CommonModules/50_Table/private/Table2Any_NX_Table_CreateOA_Report.vi	 kilian.frhler
//WP_based/50_CommonModules/50_Table/private/Table2Any_NX_Table_CreateOA_Report.vi	 peter.prinzen
//WP_based/50_CommonModules/50_Table/private/Table2Any_NX_Table_GetHeadline+Size.vi	 kilian.frhler
//WP_based/50_CommonModules/50_Table/private/Table2Any_NX_Util_Format_Float.vi	 kilian.frhler
//WP_based/50_CommonModules/50_Table/public/Table2Any_NX_Table_CreateResultTable.vi	 kilian.frhler
//WP_based/50_CommonModules/60_PDFDoc/private/export_report_part/PDFDoc_NX_ExportCompResultDetails.vi	 danil.konowalow
//WP_based/50_CommonModules/70_Excel/private/LabVIEW2ExcelExport_CreateSubFiles.vi	 kilian.frhler
//WP_based/50_CommonModules/70_Excel/private/LabVIEW2ExcelExport_CreateSubFiles.vi	 peter.prinzen
//WP_based/50_CommonModules/70_Excel/private/typedefs/Tables2ExcelExport_Filenames.ctl	 kilian.frhler
//WP_based/50_CommonModules/70_Excel/private/typedefs/Tables2ExcelExport_TableParts.ctl	 kilian.frhler
//WP_based/50_CommonModules/70_Excel/public/Table2Any_NX_Table_CreateTable_XLSX.vi	 kilian.frhler
//WP_based/50_CommonModules/70_Excel/PythonScripts/xlsxExport_CmdLine.py	 kilian.frhler
//WP_based/50_CommonModules/WPlate_NX_GetSampleStimulus.vi	 johannes.stiehler
//WP_based/_Test_GUI/_Test_Graph_Palette.ctl	 peter.prinzen
//WP_based/_Test_GUI/_Test_Tab.vi	 peter.prinzen
//WP_based/_Test_GUI/ctl/4corner-arrow.ctl	 peter.prinzen
//WP_based/_Test_GUI/ctl/glass_x-axis.ctl	 peter.prinzen
//WP_based/_Test_GUI/ctl/GraphScalePalette_InitPicture.vi	 peter.prinzen
//WP_based/_Test_GUI/ctl/GraphScalingPalette.ctl	 peter.prinzen
//WP_based/_Test_GUI/ctl/hand_.ctl	 peter.prinzen
//WP_based/_Test_GUI/Tab_test.ctl	 peter.prinzen
//WP_based/_Test_GUI/Tab_Traces_off.ctl	 peter.prinzen
//WP_based/_Test_GUI/Test_Graph_Palette.vi	 peter.prinzen
//WP_based/Analyser/Analyser.lvproj	 peter.prinzen
//WP_based/Analyser/public/Analys_NF_ReadTemplate.vi	 peter.prinzen
//WP_based/Applications/DataControl/DataCT.lvproj	 johannes.stiehler
//WP_based/Applications/DataControl/DataCT.lvproj	 peter.prinzen
//WP_based/Applications/DataControl/DataCT.lvproj	 peter.prinzen
//WP_based/Applications/DataControl/Private/ErrorHandling/DataCT_ErrorCodes.vi	 peter.prinzen
//WP_based/Applications/DataControl/Private/GUI-Design/DataCT_NX_GUI-Design(Start).vi	 peter.prinzen
//WP_based/Applications/DataControl/Private/GUI-Design/DataCT_NX_GUI-Design_SubPanel_Fit(Specification).vi	 peter.prinzen
//WP_based/Applications/DataControl/Public/DataCT_NX_Application_Main(Starter).vi	 peter.prinzen
//WP_based/Applications/PatchControl/PatchC.lvproj	 peter.prinzen
//WP_based/Applications/PatchControl/Private/ErrorHandling/PatchC_ErrorCodes.vi	 peter.prinzen
//WP_based/Applications/PatchControl/Private/ErrorHandling/PatchC_ErrorCodes.vi	 peter.prinzen
//WP_based/CustomDialogs/ExportDLG/Private/ExpDLG_NX_ExportConfiguration_util.vi	 kilian.frhler
//WP_based/CustomDialogs/ExportDLG/Private/ExpDLG_NX_ExportConfiguration_utl.vi	 kilian.frhler
//WP_based/CustomDialogs/ExportDLG/Private/ExpDLG_NX_ExportItemsConst.vi	 kilian.frhler
//WP_based/CustomDialogs/ExportDLG/Private/typedefs/ExpDLG_DateTimeFormat.ctl	 kilian.frhler
//WP_based/CustomDialogs/ExportDLG/Private/typedefs/ExpDLG_InfinityFormat.ctl	 kilian.frhler
//WP_based/CustomDialogs/ExportDLG/Public/ExpDLG_DX_TableExportConfigurator.vi	 kilian.frhler
//WP_based/Editors/Compound/CompEd.lvlib	 johannes.stiehler
//WP_based/Editors/Compound/Private/DataModel/typedefs/CompEd_ENUM_SyncroPlateDialog.ctl	 johannes.stiehler
//WP_based/Editors/Compound/Private/Dialogs/CompEd_BX_SelectCompPlate_DLG.vi	 johannes.stiehler
//WP_based/Editors/Compound/Private/Dialogs/CompEd_BX_ShowPlate_DLG.vi	 johannes.stiehler
//WP_based/Editors/Compound/Private/Gui/typedefs/CompEd_384CompPlateView.ctl	 johannes.stiehler
//WP_based/Editors/Compound/Private/Gui/typedefs/CompEd_384ConcPlateView.ctl	 johannes.stiehler
//WP_based/Editors/Compound/Private/Gui/typedefs/CompEd_384DummyPlate.ctl	 johannes.stiehler
//WP_based/Editors/Compound/Private/Gui/typedefs/CompEd_384DummyPlateView.ctl	 johannes.stiehler
//WP_based/Editors/Compound/Private/Gui/typedefs/CompEd_384InternalViewBack.ctl	 johannes.stiehler
//WP_based/Editors/Compound/Private/Gui/typedefs/CompEd_384Plateview.ctl	 johannes.stiehler
//WP_based/Editors/Compound/Private/Gui/typedefs/CompEd_384PlateViewBack.ctl	 johannes.stiehler
//WP_based/Editors/Compound/Private/utils/CompEd_BM_LoadPlates.vi	 johannes.stiehler
//WP_based/Editors/Compound/Private/utils/CompEd_NF_Cluster2Display.vi	 johannes.stiehler
//WP_based/Editors/Compound/Private/utils/CompEd_NX_CheckForSolPlateErrors.vi	 johannes.stiehler
//WP_based/Editors/Compound/Private/utils/CompEd_NX_CompCluster2XML.vi	 johannes.stiehler
//WP_based/Editors/Compound/Private/utils/CompEd_NX_CtlRef2PlateSelected.vi	 johannes.stiehler
//WP_based/Editors/Compound/Private/utils/CompEd_NX_DeleteRow.vi	 johannes.stiehler
//WP_based/Editors/Compound/Private/utils/CompEd_NX_Display2Cluster.vi	 johannes.stiehler
//WP_based/Editors/Compound/Private/utils/CompEd_NX_InternalID2PlateView.vi	 johannes.stiehler
//WP_based/Editors/Compound/Private/utils/CompEd_NX_PlateID2PlateView.vi	 johannes.stiehler
//WP_based/Editors/Compound/Private/utils/CompEd_NX_PrepareInputTables.vi	 johannes.stiehler
//WP_based/Editors/Compound/Private/utils/CompEd_NX_SearchTablesForID.vi	 johannes.stiehler
//WP_based/Editors/Compound/Public/CompEd_DM_CompoundEditorMain.vi	 johannes.stiehler
//WP_based/Editors/Compound/Public/CompEd_LX_TransformXML2CompCluster.vi	 johannes.stiehler
//WP_based/Editors/Protocol/private/(2) Main-Consumer (MainState)/Startup/ProtEd_NX_InitButtons.vi	 igor.pugliesi
//WP_based/Editors/Protocol/private/(2) Main-Consumer (MainState)/Startup/ProtEd_NX_InitOAInput.vi	 igor.pugliesi
//WP_based/Editors/Protocol/private/(2) Main-Consumer (MainState)/Startup/ProtEd_NX_InitProtGraph.vi	 igor.pugliesi
//WP_based/Editors/Protocol/private/(2) Main-Consumer (MainState)/Startup/ProtEd_NX_InitProtInput.vi	 igor.pugliesi
//WP_based/Editors/Protocol/private/(2) Main-Consumer (MainState)/Startup/ProtEd_NX_InitSweepLeakSettings.vi	 igor.pugliesi
//WP_based/Editors/Protocol/private/AmpModeControl/ProtEd_BM_AmpModeValueChange.vi	 igor.pugliesi
//WP_based/Editors/Protocol/private/AmpModeControl/ProtEd_NX_ConsumerCmd(Mode).vi	 igor.pugliesi
//WP_based/Editors/Protocol/private/AmpModeControl/ProtEd_NX_ConsumerCmd(Mode).vi	 johannes.stiehler
//WP_based/Editors/Protocol/private/AmpModeControl/ProtEd_NX_ConsumerCmd(Mode).vi	 peter.prinzen
//WP_based/Editors/Protocol/private/Datamodel/ProtEd_NX_DM_OAF_2_Int_OAF.vi	 igor.pugliesi
//WP_based/Editors/Protocol/private/Datamodel/ProtEd_NX_Int_OAF_2_DM_OAF.vi	 igor.pugliesi
//WP_based/Editors/Protocol/private/Datamodel/ProtEd_OX_FGFolderAndFile.vi	 igor.pugliesi
//WP_based/Editors/Protocol/private/Datamodel/ProtEd_OX_FGOAFunctions.vi	 igor.pugliesi
//WP_based/Editors/Protocol/private/Datamodel/ProtEd_OX_FGProtocolGraph.vi	 igor.pugliesi
//WP_based/Editors/Protocol/private/Datamodel/ProtEd_OX_FGProtSegments.vi	 igor.pugliesi
//WP_based/Editors/Protocol/private/Datamodel/typedefs/ProtEd_FGFileAndFolder_Action.ctl	 igor.pugliesi
//WP_based/Editors/Protocol/private/Datamodel/typedefs/ProtEd_FGOAFunctions_Action.ctl	 igor.pugliesi
//WP_based/Editors/Protocol/private/Datamodel/typedefs/ProtEd_FGProtocolGraph_Action.ctl	 igor.pugliesi
//WP_based/Editors/Protocol/private/Datamodel/typedefs/ProtEd_FGProtSegments_Action.ctl	 igor.pugliesi
//WP_based/Editors/Protocol/private/Datamodel/typedefs/ProtEd_IntOAFunctionEl.ctl	 igor.pugliesi
//WP_based/Editors/Protocol/private/Datamodel/typedefs/ProtEd_IntOAFunctions.ctl	 igor.pugliesi
//WP_based/Editors/Protocol/private/Datamodel/typedefs/ProtEd_IntProtocolSegmentEl.ctl	 igor.pugliesi
//WP_based/Editors/Protocol/private/Datamodel/typedefs/ProtEd_IntProtocolSegments.ctl	 igor.pugliesi
//WP_based/Editors/Protocol/private/eph_files/ProtEd_NF_CheckEphFile.vi	 igor.pugliesi
//WP_based/Editors/Protocol/private/eph_files/ProtEd_NX_CalcRelativePath.vi	 igor.pugliesi
//WP_based/Editors/Protocol/private/eph_files/ProtEd_NX_ReadOASettings.vi	 igor.pugliesi
//WP_based/Editors/Protocol/private/eph_files/ProtEd_NX_ReadProtocolSettings.vi	 igor.pugliesi
//WP_based/Editors/Protocol/private/eph_files/ProtEd_NX_WriteOASettingsV1_3.vi	 igor.pugliesi
//WP_based/Editors/Protocol/private/eph_files/ProtEd_NX_WriteProtocolSettingsV1_3.vi	 igor.pugliesi
//WP_based/Editors/Protocol/private/ErrorChecker/ProtEd_NX_CheckDefsValid.vi	 igor.pugliesi
//WP_based/Editors/Protocol/private/GUI-Design/ProtEd_NX_Calc +- Position.vi	 igor.pugliesi
//WP_based/Editors/Protocol/private/GUI-Design/ProtEd_NX_ConfigFrontPanel.vi	 igor.pugliesi
//WP_based/Editors/Protocol/private/GUI-Design/ProtEd_NX_GetOAInputControlRefs.vi	 igor.pugliesi
//WP_based/Editors/Protocol/private/GUI-Design/ProtEd_NX_GetProtInputControlRefs.vi	 igor.pugliesi
//WP_based/Editors/Protocol/private/GUI-Design/ProtEd_NX_GetSweepSettingsControlRefs.vi	 igor.pugliesi
//WP_based/Editors/Protocol/private/GUI-Design/typedefs/ProtEd_ControlCluster.ctl	 igor.pugliesi
//WP_based/Editors/Protocol/private/GUI-Design/typedefs/ProtEd_GUIDesignBus(Buttons).ctl	 igor.pugliesi
//WP_based/Editors/Protocol/private/GUI-Design/typedefs/ProtEd_GUIDesignBus(FolderAndFile).ctl	 igor.pugliesi
//WP_based/Editors/Protocol/private/GUI-Design/typedefs/ProtEd_GUIDesignBus(General).ctl	 igor.pugliesi
//WP_based/Editors/Protocol/private/GUI-Design/typedefs/ProtEd_GUIDesignBus(Graph).ctl	 igor.pugliesi
//WP_based/Editors/Protocol/private/GUI-Design/typedefs/ProtEd_GUIDesignBus(LeakPulseSettings).ctl	 igor.pugliesi
//WP_based/Editors/Protocol/private/GUI-Design/typedefs/ProtEd_GUIDesignBus(Mode).ctl	 igor.pugliesi
//WP_based/Editors/Protocol/private/GUI-Design/typedefs/ProtEd_GUIDesignBus(OnlineAnalysis).ctl	 igor.pugliesi
//WP_based/Editors/Protocol/private/GUI-Design/typedefs/ProtEd_GUIDesignBus(Protocol).ctl	 igor.pugliesi
//WP_based/Editors/Protocol/private/GUI-Design/typedefs/ProtEd_GUIDesignBus(SweepSettingss).ctl	 igor.pugliesi
//WP_based/Editors/Protocol/private/GUI-Design/typedefs/ProtEd_GUIDesignBus.ctl	 igor.pugliesi
//WP_based/Editors/Protocol/private/GUI-Design/typedefs/ProtEd_OAFunctionInputElPos.ctl	 igor.pugliesi
//WP_based/Editors/Protocol/private/GUI-Design/typedefs/ProtEd_OAFunctionInputPos.ctl	 igor.pugliesi
//WP_based/Editors/Protocol/private/GUI-Design/typedefs/ProtEd_ProtocolInputElPos.ctl	 igor.pugliesi
//WP_based/Editors/Protocol/private/GUI-Design/typedefs/ProtEd_ProtocolInputPos.ctl	 igor.pugliesi
//WP_based/Editors/Protocol/private/LeakpulseControl/ProtEd_NX_CreateCheckLeakPulse.vi	 igor.pugliesi
//WP_based/Editors/Protocol/private/LeakpulseControl/typedefs/ProtEd_LeakPulseDisplay.ctl	 igor.pugliesi
//WP_based/Editors/Protocol/private/OAControl/ProtEd_BX_CheckOAValid.vi	 igor.pugliesi
//WP_based/Editors/Protocol/private/OAControl/ProtEd_NX_CheckCursorPosition.vi	 igor.pugliesi
//WP_based/Editors/Protocol/private/OAControl/ProtEd_NX_OADisplay_CreateLabelsAndNames.vi	 igor.pugliesi
//WP_based/Editors/Protocol/private/OAControl/ProtEd_NX_OADisplay_GetControlRefsAndPositions.vi	 igor.pugliesi
//WP_based/Editors/Protocol/private/OAControl/ProtEd_NX_OADisplay_UpdElements(SwitchFunction).vi	 igor.pugliesi
//WP_based/Editors/Protocol/private/OAControl/ProtEd_NX_OADisplay_UpdElements(UpdHeader).vi	 igor.pugliesi
//WP_based/Editors/Protocol/private/OAControl/ProtEd_NX_OADisplay_UpdElements.vi	 igor.pugliesi
//WP_based/Editors/Protocol/private/OAControl/ProtEd_NX_OAInp2OAFuncConv.vi	 igor.pugliesi
//WP_based/Editors/Protocol/private/OAControl/ProtEd_NX_YAnalysisConverter.vi	 igor.pugliesi
//WP_based/Editors/Protocol/private/OAControl/typedefs/ProtEd_OAFunctionCursorYAnalysis.ctl	 igor.pugliesi
//WP_based/Editors/Protocol/private/OAControl/typedefs/ProtEd_OAFunctionCursorYAnalysisValue.ctl	 igor.pugliesi
//WP_based/Editors/Protocol/private/OAControl/typedefs/ProtEd_OAFunctionDefs(ADV).ctl	 igor.pugliesi
//WP_based/Editors/Protocol/private/OAControl/typedefs/ProtEd_OAFunctionDefs(APA).ctl	 igor.pugliesi
//WP_based/Editors/Protocol/private/OAControl/typedefs/ProtEd_OAFunctionDefs(Cursor).ctl	 igor.pugliesi
//WP_based/Editors/Protocol/private/OAControl/typedefs/ProtEd_OAFunctionDefs(Formula).ctl	 igor.pugliesi
//WP_based/Editors/Protocol/private/OAControl/typedefs/ProtEd_OAFunctionDefs(Parameter).ctl	 igor.pugliesi
//WP_based/Editors/Protocol/private/OAControl/typedefs/ProtEd_OAFunctionDefs.ctl	 igor.pugliesi
//WP_based/Editors/Protocol/private/OAControl/typedefs/ProtEd_OAFunctionFormulaOperator.ctl	 igor.pugliesi
//WP_based/Editors/Protocol/private/OAControl/typedefs/ProtEd_OAFunctionHeader.ctl	 igor.pugliesi
//WP_based/Editors/Protocol/private/OAControl/typedefs/ProtEd_OAFunctionInput.ctl	 igor.pugliesi
//WP_based/Editors/Protocol/private/OAControl/typedefs/ProtEd_OAFunctionInput_Refs.ctl	 igor.pugliesi
//WP_based/Editors/Protocol/private/OAControl/typedefs/ProtEd_OAFunctionInputEl.ctl	 igor.pugliesi
//WP_based/Editors/Protocol/private/OAControl/typedefs/ProtEd_OAFunctionInputEl_ControlRefs.ctl	 igor.pugliesi
//WP_based/Editors/Protocol/private/OAControl/typedefs/ProtEd_OAFunctionInputEl_Refs.ctl	 igor.pugliesi
//WP_based/Editors/Protocol/private/OAControl/typedefs/ProtEd_OAFunctionParameter.ctl	 igor.pugliesi
//WP_based/Editors/Protocol/private/OAControl/typedefs/ProtEd_OAFunctionType.ctl	 igor.pugliesi
//WP_based/Editors/Protocol/private/OAControl/typedefs/ProtEd_OAFunctionXAxis.ctl	 igor.pugliesi
//WP_based/Editors/Protocol/private/Protocolcontrol/ProtEd_NX_CheckProtcolSegments.vi	 igor.pugliesi
//WP_based/Editors/Protocol/private/Protocolcontrol/ProtEd_NX_CheckProtValid.vi	 igor.pugliesi
//WP_based/Editors/Protocol/private/Protocolcontrol/ProtEd_NX_CheckProtValid_SE96.vi	 igor.pugliesi
//WP_based/Editors/Protocol/private/Protocolcontrol/ProtEd_NX_FindAllowedRamps.vi	 igor.pugliesi
//WP_based/Editors/Protocol/private/Protocolcontrol/ProtEd_NX_ProtDisplay_UpdElements.vi	 igor.pugliesi
//WP_based/Editors/Protocol/private/Protocolcontrol/typedefs/ProtEd_ProtocolInput.ctl	 igor.pugliesi
//WP_based/Editors/Protocol/private/Protocolcontrol/typedefs/ProtEd_ProtocolInputEl.ctl	 igor.pugliesi
//WP_based/Editors/Protocol/private/Protocolcontrol/typedefs/ProtEd_ProtocolSegType.ctl	 igor.pugliesi
//WP_based/Editors/Protocol/private/Protocolgraph/ProtEd_NX_CalcTRGraphScaled_ex.vi	 igor.pugliesi
//WP_based/Editors/Protocol/private/Protocolgraph/ProtEd_NX_CreateProtGraph.vi	 igor.pugliesi
//WP_based/Editors/Protocol/private/Protocolgraph/ProtEd_NX_CreateProtGraphWithSelTrace.vi	 igor.pugliesi
//WP_based/Editors/Protocol/private/Protocolgraph/ProtEd_NX_DrawCursors.vi	 igor.pugliesi
//WP_based/Editors/Protocol/private/Protocolgraph/ProtEd_NX_DrawProtGraph.vi	 igor.pugliesi
//WP_based/Editors/Protocol/private/Protocolgraph/ProtEd_NX_EvalXScales&Pixels.vi	 igor.pugliesi
//WP_based/Editors/Protocol/private/Protocolgraph/ProtEd_NX_GeneratePulseGraph.vi	 igor.pugliesi
//WP_based/Editors/Protocol/private/Protocolgraph/ProtEd_NX_GenerateShadeGraphs.vi	 igor.pugliesi
//WP_based/Editors/Protocol/private/Protocolgraph/ProtEd_NX_GetTraceData2Draw.vi	 igor.pugliesi
//WP_based/Editors/Protocol/private/Protocolgraph/ProtEd_NX_GetTraceSegments2Draw.vi	 igor.pugliesi
//WP_based/Editors/Protocol/private/Protocolgraph/typedefs/25x29/AC_Off.png	 igor.pugliesi
//WP_based/Editors/Protocol/private/Protocolgraph/typedefs/25x29/AC_On.png	 igor.pugliesi
//WP_based/Editors/Protocol/private/Protocolgraph/typedefs/25x29/Cursor_Off.png	 igor.pugliesi
//WP_based/Editors/Protocol/private/Protocolgraph/typedefs/25x29/Cursor_On.png	 igor.pugliesi
//WP_based/Editors/Protocol/private/Protocolgraph/typedefs/25x29/SC_X_Off.png	 igor.pugliesi
//WP_based/Editors/Protocol/private/Protocolgraph/typedefs/25x29/SC_X_On.png	 igor.pugliesi
//WP_based/Editors/Protocol/private/Protocolgraph/typedefs/ProtEd_AutoScaleControl.ctl	 igor.pugliesi
//WP_based/Editors/Protocol/private/Protocolgraph/typedefs/ProtEd_CursorControl.ctl	 igor.pugliesi
//WP_based/Editors/Protocol/private/Protocolgraph/typedefs/ProtEd_XScaleZoomControl.ctl	 igor.pugliesi
//WP_based/Editors/Protocol/private/SweepControl/typedefs/ProtEd_SweepSettingsDisplay.ctl	 igor.pugliesi
//WP_based/Editors/Protocol/private/SweepControl/typedefs/ProtEd_SweepSettingsDisplay_CtrlRefs.ctl	 igor.pugliesi
//WP_based/Editors/Protocol/private/Utils/ProtEd_NX_FindStringInList.vi	 igor.pugliesi
//WP_based/Editors/Protocol/ProtocolEditor.lvlib	 igor.pugliesi
//WP_based/Editors/Protocol/ProtocolEditor.lvproj	 igor.pugliesi
//WP_based/Editors/Protocol/public/common/ProtEd_NX_ConvertPulseProt2Cluster4Display.vi	 igor.pugliesi
//WP_based/Editors/Protocol/public/common/ProtEd_NX_GenerateShades4Display.vi	 igor.pugliesi
//WP_based/Editors/Protocol/public/eph_files/ProtEd_NF_ReadEphFile.vi	 igor.pugliesi
//WP_based/Editors/Protocol/public/eph_files/ProtEd_NX_GetTestpulseEPH.vi	 igor.pugliesi
//WP_based/Editors/Protocol/public/ModuleBus/ProtEd_BO_ModuleBus_Queue_Wait(for_new_cmd).vi	 igor.pugliesi
//WP_based/Editors/Protocol/public/ModuleBus/ProtEd_NO_ModuleBus(Open).vi	 igor.pugliesi
//WP_based/Editors/Protocol/public/ProtEd_DM_ProtocolEditorMain(Tester).vi	 igor.pugliesi
//WP_based/Editors/Protocol/public/ProtEd_DM_ProtocolEditorMain_PE384.vi	 igor.pugliesi
//WP_based/Editors/Protocol/public/ProtEd_DM_ProtocolEditorMain_PE384.vi	 johannes.stiehler
//WP_based/Editors/Protocol/public/ProtEd_DM_ProtocolEditorMain_PE384.vi	 peter.prinzen
//WP_based/Editors/Protocol/public/ProtEd_DM_ProtocolEditorMain_SE96.vi	 igor.pugliesi
//WP_based/Editors/Protocol/public/ProtocolFileTree/ProtEd_NN_FillProtSelectShell.vi	 igor.pugliesi
//WP_based/Editors/Protocol/public/ProtocolFileTree/ProtEd_NN_GetProtfileShell.vi	 igor.pugliesi
//WP_based/Editors/Protocol/public/ProtocolFileTree/ProtEd_NN_ProtocolClient.vi	 igor.pugliesi
//WP_based/Editors/Protocol/public/ProtocolFileTree/ProtEd_NX_FillProtSelected.vi	 igor.pugliesi
//WP_based/Editors/Protocol/public/ProtocolFileTree/ProtEd_NX_GetSubfolderList.vi	 igor.pugliesi
//WP_based/Editors/Protocol/public/ProtocolFileTree/ProtEd_NX_InSharedProtocolMode.vi	 igor.pugliesi
//WP_based/Editors/Protocol/public/ProtocolFileTree/ProtEd_NX_SetRoboIP.vi	 igor.pugliesi
//WP_based/Editors/Protocol/public/typedefs/ProtEd_OperationMode.ctl	 igor.pugliesi
//WP_based/Editors/Protocol/public/typedefs/ProtEd_ProtServerCommands.ctl	 igor.pugliesi
//WP_based/Editors/Protocol/public/typedefs/ProtEd_TraceInfo.ctl	 igor.pugliesi
//WP_based/Engines/DialogEngine/DC/Public/DLEnDC_PX_Panel_Main.vi	 kilian.frhler
//WP_based/Engines/MeasurementEngine/Documentation/Architecture & Communication (MeasurementEnginePE).pptx	 igor.pugliesi
//WP_based/Engines/MeasurementEngine/MeasEn.lvlib	 igor.pugliesi
//WP_based/Engines/MeasurementEngine/MeasEn.lvproj	 igor.pugliesi
//WP_based/Engines/MeasurementEngine/Private/LocalBus/MeasEn_NO_LocalBus(Close).vi	 igor.pugliesi
//WP_based/Engines/MeasurementEngine/Private/LocalBus/MeasEn_NO_LocalBus(Close_EnginesAndServer).vi	 igor.pugliesi
//WP_based/Engines/MeasurementEngine/Private/LocalBus/MeasEn_NO_LocalBus(Close_MachControl).vi	 igor.pugliesi
//WP_based/Engines/MeasurementEngine/Private/LocalBus/MeasEn_NO_LocalBus(Close_USBControl).vi	 igor.pugliesi
//WP_based/Engines/MeasurementEngine/Private/LocalBus/MeasEn_NO_LocalBus(Close_USBHWController).vi	 igor.pugliesi
//WP_based/Engines/MeasurementEngine/Private/LocalBus/MeasEn_NO_LocalBus(Open).vi	 igor.pugliesi
//WP_based/Engines/MeasurementEngine/Private/LocalBus/typedefs/MeasEn_LocalBus(MeasEn).ctl	 igor.pugliesi
//WP_based/Engines/MeasurementEngine/Private/Main-Consumer (MainState)/Display/MeasEn_NO_Comsumer_MainState_Display.vi	 igor.pugliesi
//WP_based/Engines/MeasurementEngine/Private/Main-Consumer (MainState)/Display/MeasEn_NX_Comsumer_MainState_Display(ReadScaleString).vi	 igor.pugliesi
//WP_based/Engines/MeasurementEngine/Private/Main-Consumer (MainState)/EmergencyStop/MeasEn_NO_Consumer_MainState_EmergencyStop.vi	 igor.pugliesi
//WP_based/Engines/MeasurementEngine/Private/Main-Consumer (MainState)/GeneralError/MeasEn_NX_Consumer_MainState_GeneralError.vi	 igor.pugliesi
//WP_based/Engines/MeasurementEngine/Private/Main-Consumer (MainState)/HTSMode/MeasEn_NO_Consumer_MainState_HTSMode.vi	 igor.pugliesi
//WP_based/Engines/MeasurementEngine/Private/Main-Consumer (MainState)/HWCmd/MeasEn_BF_AmpStartupCounter.vi	 igor.pugliesi
//WP_based/Engines/MeasurementEngine/Private/Main-Consumer (MainState)/HWCmd/MeasEn_NO_Consumer_MainState_HWCmd.vi	 igor.pugliesi
//WP_based/Engines/MeasurementEngine/Private/Main-Consumer (MainState)/NewChip/MeasEn_NM_InitChipParameters.vi	 igor.pugliesi
//WP_based/Engines/MeasurementEngine/Private/Main-Consumer (MainState)/NewChip/MeasEn_NM_InitChipQCValues.vi	 igor.pugliesi
//WP_based/Engines/MeasurementEngine/Private/Main-Consumer (MainState)/NewChip/MeasEn_NX_CheckDiskSpace(NewChip).vi	 igor.pugliesi
//WP_based/Engines/MeasurementEngine/Private/Main-Consumer (MainState)/NewChip/MeasEn_NX_Consumer_MainState_NewChip.vi	 igor.pugliesi
//WP_based/Engines/MeasurementEngine/Private/Main-Consumer (MainState)/NewChip/MeasEn_NX_Name2IdAndDir.vi	 igor.pugliesi
//WP_based/Engines/MeasurementEngine/Private/Main-Consumer (MainState)/NewData/MeasEn_NO_Consumer_MainState_NewData.vi	 igor.pugliesi
//WP_based/Engines/MeasurementEngine/Private/Main-Consumer (MainState)/NewData/MeasEn_NO_ProcessQCEvent.vi	 igor.pugliesi
//WP_based/Engines/MeasurementEngine/Private/Main-Consumer (MainState)/Protocol/MeasEn_NF_GetProtocol.vi	 igor.pugliesi
//WP_based/Engines/MeasurementEngine/Private/Main-Consumer (MainState)/Protocol/MeasEn_NM_ProtInitOrResume.vi	 igor.pugliesi
//WP_based/Engines/MeasurementEngine/Private/Main-Consumer (MainState)/Protocol/MeasEn_NM_RunProtocol.vi	 igor.pugliesi
//WP_based/Engines/MeasurementEngine/Private/Main-Consumer (MainState)/Protocol/MeasEn_NO_Consumer_MainState_Protocol.vi	 igor.pugliesi
//WP_based/Engines/MeasurementEngine/Private/Main-Consumer (MainState)/Protocol/MeasEn_NO_SendRunPToMach.vi	 igor.pugliesi
//WP_based/Engines/MeasurementEngine/Private/Main-Consumer (MainState)/Protocol/MeasEn_NX_AllocateStorage.vi	 igor.pugliesi
//WP_based/Engines/MeasurementEngine/Private/Main-Consumer (MainState)/Protocol/MeasEn_NX_CheckDiskSpace(StartProtocol).vi	 igor.pugliesi
//WP_based/Engines/MeasurementEngine/Private/Main-Consumer (MainState)/Protocol/MeasEn_NX_CheckProtocolHistory.vi	 igor.pugliesi
//WP_based/Engines/MeasurementEngine/Private/Main-Consumer (MainState)/Protocol/MeasEn_NX_EvalErrors.vi	 igor.pugliesi
//WP_based/Engines/MeasurementEngine/Private/Main-Consumer (MainState)/Protocol/MeasEn_NX_ExtractRunString.vi	 igor.pugliesi
//WP_based/Engines/MeasurementEngine/Private/Main-Consumer (MainState)/Protocol/MeasEn_NX_InitDMRecForMeas.vi	 igor.pugliesi
//WP_based/Engines/MeasurementEngine/Private/Main-Consumer (MainState)/Protocol/MeasEn_NX_ResumeChecks.vi	 igor.pugliesi
//WP_based/Engines/MeasurementEngine/Private/Main-Consumer (MainState)/RemoveChip/MeasEn_NF_ReadWriteCurrentChiptoIni.vi	 igor.pugliesi
//WP_based/Engines/MeasurementEngine/Private/Main-Consumer (MainState)/RemoveChip/MeasEn_NO_Consumer_MainState_RemoveChip.vi	 igor.pugliesi
//WP_based/Engines/MeasurementEngine/Private/Main-Consumer (MainState)/RemoveChip/MeasEn_NX_RemoveChipFromFGVs.vi	 igor.pugliesi
//WP_based/Engines/MeasurementEngine/Private/Main-Consumer (MainState)/Startup/MeasEn_NO_Consumer_MainState_Startup.vi	 igor.pugliesi
//WP_based/Engines/MeasurementEngine/Private/Main-Consumer (MainState)/Startup/MeasEn_NX_CheckSetAmpType.vi	 igor.pugliesi
//WP_based/Engines/MeasurementEngine/Private/Main-Consumer (MainState)/Startup/MeasEn_NX_InitHWGlobals.vi	 igor.pugliesi
//WP_based/Engines/MeasurementEngine/Private/Main-Consumer (MainState)/Testpulse/MeasEn_NO_Consumer_MainState_Testpulse.vi	 igor.pugliesi
//WP_based/Engines/MeasurementEngine/Private/Main-Consumer (MainState)/Transaction/MeasEn_BX_TransactionResponse.vi	 igor.pugliesi
//WP_based/Engines/MeasurementEngine/Private/Main-Consumer (MainState)/Transaction/MeasEn_NO_Consumer_MainState_Transaction.vi	 igor.pugliesi
//WP_based/Engines/MeasurementEngine/Private/Main-Consumer (MainState)/WrapperCmd/MeasEn_NX_Consumer_MainState_WrapperCmd.vi	 igor.pugliesi
//WP_based/Engines/MeasurementEngine/Private/Main-Consumer (MainState)/WrapperCmd/MeasEn_NX_ParseWrapperCommand.vi	 igor.pugliesi
//WP_based/Engines/MeasurementEngine/Private/ModuleInterface/MeasEn_NX_ModuleInterface(Tecella).vi	 igor.pugliesi
//WP_based/Engines/MeasurementEngine/Private/ModuleInterface/MeasEn_NX_ModuleInterface(Writer).vi	 igor.pugliesi
//WP_based/Engines/MeasurementEngine/Private/Modules/ComAppServer/MeasEn_BM_ComAppServer.vi	 igor.pugliesi
//WP_based/Engines/MeasurementEngine/Private/Modules/HWController/LiquidControl/MeasEn_BH_LiquidControl.vi	 igor.pugliesi
//WP_based/Engines/MeasurementEngine/Private/Modules/HWController/LiquidControl/MeasEn_BH_LiquidControl.vi	 Timo_Stengel
//WP_based/Engines/MeasurementEngine/Private/Modules/HWController/LiquidControlMCV2/MeasEn_BH_LiquidControlMCV2.vi	 igor.pugliesi
//WP_based/Engines/MeasurementEngine/Private/Modules/HWController/LiquidControlMCV2/MeasEn_NX_LiquidControlMCV2(Starter).vi	 igor.pugliesi
//WP_based/Engines/MeasurementEngine/Private/Modules/HWController/LnSControl/MeasEn_NH_LightnSensorControl.vi	 igor.pugliesi
//WP_based/Engines/MeasurementEngine/Private/Modules/HWController/MachControl/MeasEn_BO_MachControlNotifier(ResponseHandler).vi	 igor.pugliesi
//WP_based/Engines/MeasurementEngine/Private/Modules/HWController/MachControl/MeasEn_BO_MachRunProtSimulator.vi	 igor.pugliesi
//WP_based/Engines/MeasurementEngine/Private/Modules/HWController/MeasEn_BH_Wrapper(USBHWController).vi	 igor.pugliesi
//WP_based/Engines/MeasurementEngine/Private/Modules/HWController/MotorControl/MeasEn_BH_MotorControl.vi	 igor.pugliesi
//WP_based/Engines/MeasurementEngine/Private/Modules/HWController/MotorControl/MeasEn_NH_MotorControl(GetLimitSwitches).vi	 igor.pugliesi
//WP_based/Engines/MeasurementEngine/Private/Modules/HWController/MotorControlMCV2/MeasEn_BH_MotorControlMCV2.vi	 igor.pugliesi
//WP_based/Engines/MeasurementEngine/Private/Modules/HWController/MotorControlMCV2/MeasEn_NX_MotorControlMCV2(Starter).vi	 igor.pugliesi
//WP_based/Engines/MeasurementEngine/Private/Modules/HWController/PressureControl/MeasEn_BH_PressureControl.vi	 igor.pugliesi
//WP_based/Engines/MeasurementEngine/Private/Modules/HWController/TempControl/MeasEn_BH_TempControl.vi	 igor.pugliesi
//WP_based/Engines/MeasurementEngine/Private/Modules/HWController/Typedefs/MeasEn_HWModules(HWControllerMode).ctl	 igor.pugliesi
//WP_based/Engines/MeasurementEngine/Private/Modules/HWController/USBControl/MeasEn_BH_USBControl.vi	 igor.pugliesi
//WP_based/Engines/MeasurementEngine/Private/Modules/HWController/USBControl/MeasEn_NX_USBControl(EvalDeviceSearch).vi	 igor.pugliesi
//WP_based/Engines/MeasurementEngine/Private/Modules/HWController/USBControl/MeasEn_NX_USBControl(ShowDevicesFound).vi	 igor.pugliesi
//WP_based/Engines/MeasurementEngine/Private/Modules/HWController/USBControl/MeasEn_NX_USBControl(StartUSBEngines_InitDevice).vi	 igor.pugliesi
//WP_based/Engines/MeasurementEngine/Private/Modules/HWController/USBControl/MeasEn_NX_USBControl(StartUSBEngines_SetSearchDepth).vi	 igor.pugliesi
//WP_based/Engines/MeasurementEngine/Private/Modules/HWController/USBControl/MeasEn_NX_USBControl(StartUSBEngines_SetSearchDepthC).vi	 igor.pugliesi
//WP_based/Engines/MeasurementEngine/Private/Modules/ScriptEngine/MeasEn_BO_CallSubsSyncAsync.vi	 igor.pugliesi
//WP_based/Engines/MeasurementEngine/Private/Modules/ScriptEngine/MeasEn_BO_CallSubSytems.vi	 igor.pugliesi
//WP_based/Engines/MeasurementEngine/Private/Modules/ScriptEngine/MeasEn_BO_EvalCmds.vi	 igor.pugliesi
//WP_based/Engines/MeasurementEngine/Private/Modules/ScriptEngine/MeasEn_BO_ScriptEngine(Main).vi	 igor.pugliesi
//WP_based/Engines/MeasurementEngine/Private/Modules/ScriptEngine/MeasEn_NF_GetXPortExePath.vi	 igor.pugliesi
//WP_based/Engines/MeasurementEngine/Private/Modules/ScriptEngine/MeasEn_NO_ProcessScriptExecResponse.vi	 igor.pugliesi
//WP_based/Engines/MeasurementEngine/Private/Modules/ScriptEngine/MeasEn_NO_RunScriptLineByLine.vi	 igor.pugliesi
//WP_based/Engines/MeasurementEngine/Private/Modules/ScriptEngine/MeasEn_NX_CalcNrOfLines.vi	 igor.pugliesi
//WP_based/Engines/MeasurementEngine/Private/Modules/ScriptEngine/MeasEn_NX_CheckError.vi	 igor.pugliesi
//WP_based/Engines/MeasurementEngine/Private/Modules/ScriptEngine/MeasEn_NX_CheckWaitStatus.vi	 igor.pugliesi
//WP_based/Engines/MeasurementEngine/Private/Modules/ScriptEngine/MeasEn_NX_ConvOldToNewPara.vi	 igor.pugliesi
//WP_based/Engines/MeasurementEngine/Private/Modules/ScriptEngine/MeasEn_NX_SetProgressBar.vi	 igor.pugliesi
//WP_based/Engines/MeasurementEngine/Private/Modules/ScriptEngine/MeasEn_NX_ThresholdsTables.vi	 igor.pugliesi
//WP_based/Engines/MeasurementEngine/Private/Modules/ScriptEngine/MeasEn_OO_WaitForRecording.vi	 igor.pugliesi
//WP_based/Engines/MeasurementEngine/Private/Modules/SynWrpServer/MeasEn_BM_SynWrpServer.vi	 igor.pugliesi
//WP_based/Engines/MeasurementEngine/Private/Settings/HWConfigPE/APIs/MeasEn_NX_HWConfigPE_API(GetAll).vi	 igor.pugliesi
//WP_based/Engines/MeasurementEngine/Private/Settings/HWConfigPE/APIs/MeasEn_NX_HWConfigPE_API(INI-ReadConfig).vi	 igor.pugliesi
//WP_based/Engines/MeasurementEngine/Private/Settings/HWConfigPE/APIs/MeasEn_NX_HWConfigPE_API(INI-WriteConfig).vi	 igor.pugliesi
//WP_based/Engines/MeasurementEngine/Private/Settings/HWConfigPE/APIs/MeasEn_NX_HWConfigPE_API(Init).vi	 igor.pugliesi
//WP_based/Engines/MeasurementEngine/Private/Settings/HWConfigPE/APIs/MeasEn_NX_HWConfigPE_API(Set_384SyncroHW).vi	 igor.pugliesi
//WP_based/Engines/MeasurementEngine/Private/Settings/HWConfigPE/APIs/MeasEn_NX_HWConfigPE_API(Set_384SyncroModule).vi	 igor.pugliesi
//WP_based/Engines/MeasurementEngine/Private/Settings/HWConfigPE/APIs/MeasEn_NX_HWConfigPE_API(Set_384SyncroRoboIP).vi	 igor.pugliesi
//WP_based/Engines/MeasurementEngine/Private/Settings/HWConfigPE/APIs/MeasEn_NX_HWConfigPE_API(Set_AmpType).vi	 igor.pugliesi
//WP_based/Engines/MeasurementEngine/Private/Settings/HWConfigPE/APIs/MeasEn_NX_HWConfigPE_API(Set_IntChamberType).vi	 igor.pugliesi
//WP_based/Engines/MeasurementEngine/Private/Settings/HWConfigPE/APIs/MeasEn_NX_HWConfigPE_API(Set_SyncroPE_RoboType).vi	 igor.pugliesi
//WP_based/Engines/MeasurementEngine/Private/Settings/HWConfigPE/APIs/MeasEn_NX_HWConfigPE_API(Set_SyncroPET_Tubing).vi	 igor.pugliesi
//WP_based/Engines/MeasurementEngine/Private/Settings/HWConfigPE/APIs/MeasEn_NX_HWConfigPE_API(Set_TempControl).vi	 igor.pugliesi
//WP_based/Engines/MeasurementEngine/Private/Settings/HWConfigPE/FGV/MeasEn_OF_HWConfigPE.vi	 igor.pugliesi
//WP_based/Engines/MeasurementEngine/Private/Settings/HWConfigPE/typedefs/MeasEn_HWConfigPE(FGV_Action).ctl	 igor.pugliesi
//WP_based/Engines/MeasurementEngine/Private/Settings/HWSettingsPE/APIs/MeasEn_NX_HWSettingsPE_API(GetAll).vi	 igor.pugliesi
//WP_based/Engines/MeasurementEngine/Private/Settings/HWSettingsPE/APIs/MeasEn_NX_HWSettingsPE_API(INI-ReadConfig).vi	 igor.pugliesi
//WP_based/Engines/MeasurementEngine/Private/Settings/HWSettingsPE/APIs/MeasEn_NX_HWSettingsPE_API(INI-WriteConfig).vi	 igor.pugliesi
//WP_based/Engines/MeasurementEngine/Private/Settings/HWSettingsPE/APIs/MeasEn_NX_HWSettingsPE_API(Init).vi	 igor.pugliesi
//WP_based/Engines/MeasurementEngine/Private/Settings/HWSettingsPE/APIs/MeasEn_NX_HWSettingsPE_API(Set_CheckCompAirPressure).vi	 igor.pugliesi
//WP_based/Engines/MeasurementEngine/Private/Settings/HWSettingsPE/APIs/MeasEn_NX_HWSettingsPE_API(Set_GentleSwitch).vi	 igor.pugliesi
//WP_based/Engines/MeasurementEngine/Private/Settings/HWSettingsPE/APIs/MeasEn_NX_HWSettingsPE_API(Set_LFVCmax).vi	 igor.pugliesi
//WP_based/Engines/MeasurementEngine/Private/Settings/HWSettingsPE/APIs/MeasEn_NX_HWSettingsPE_API(Set_LFVCpercent).vi	 igor.pugliesi
//WP_based/Engines/MeasurementEngine/Private/Settings/HWSettingsPE/APIs/MeasEn_NX_HWSettingsPE_API(Set_LFVCupdate).vi	 igor.pugliesi
//WP_based/Engines/MeasurementEngine/Private/Settings/HWSettingsPE/APIs/MeasEn_NX_HWSettingsPE_API(Set_RS_Comp_Algorithm).vi	 igor.pugliesi
//WP_based/Engines/MeasurementEngine/Private/Settings/HWSettingsPE/APIs/MeasEn_NX_HWSettingsPE_API(Set_RSCompBoundries).vi	 igor.pugliesi
//WP_based/Engines/MeasurementEngine/Private/Settings/HWSettingsPE/APIs/MeasEn_NX_HWSettingsPE_API(Set_RsCompStr).vi	 igor.pugliesi
//WP_based/Engines/MeasurementEngine/Private/Settings/HWSettingsPE/APIs/MeasEn_NX_HWSettingsPE_API(Set_TrayInitOff).vi	 igor.pugliesi
//WP_based/Engines/MeasurementEngine/Private/Settings/HWSettingsPE/APIs/MeasEn_NX_HWSettingsPE_API(Set_Wagonstate).vi	 igor.pugliesi
//WP_based/Engines/MeasurementEngine/Private/Settings/HWSettingsPE/FGV/MeasEn_OF_HWSettingsPE.vi	 igor.pugliesi
//WP_based/Engines/MeasurementEngine/Private/Settings/HWSettingsPE/typedefs/MeasEn_HWSettingsPE(FGV_Action).ctl	 igor.pugliesi
//WP_based/Engines/MeasurementEngine/Private/Settings/ReturnNotifierFG/API/MeasEn_NX_ReturnNotifierFG-API(GetEmergenyStopNotifier).vi	 igor.pugliesi
//WP_based/Engines/MeasurementEngine/Private/Settings/ReturnNotifierFG/API/MeasEn_NX_ReturnNotifierFG-API(GetFinaliseProtNotifier).vi	 igor.pugliesi
//WP_based/Engines/MeasurementEngine/Private/Settings/ReturnNotifierFG/API/MeasEn_NX_ReturnNotifierFG-API(GetFinaliseTPNotifier).vi	 igor.pugliesi
//WP_based/Engines/MeasurementEngine/Private/Settings/ReturnNotifierFG/API/MeasEn_NX_ReturnNotifierFG-API(GetQCIndex).vi	 igor.pugliesi
//WP_based/Engines/MeasurementEngine/Private/Settings/ReturnNotifierFG/API/MeasEn_NX_ReturnNotifierFG-API(GetStartProtNotifier).vi	 igor.pugliesi
//WP_based/Engines/MeasurementEngine/Private/Settings/ReturnNotifierFG/API/MeasEn_NX_ReturnNotifierFG-API(SetProtNotifier).vi	 igor.pugliesi
//WP_based/Engines/MeasurementEngine/Private/Settings/ReturnNotifierFG/API/MeasEn_NX_ReturnNotifierFG-API(SetQCNotifier).vi	 igor.pugliesi
//WP_based/Engines/MeasurementEngine/Private/Settings/ReturnNotifierFG/API/MeasEn_NX_ReturnNotifierFG-API(SetTPNotifier).vi	 igor.pugliesi
//WP_based/Engines/MeasurementEngine/Private/Settings/ReturnNotifierFG/MeasEn_OX_ReturnNotifierFG.vi	 igor.pugliesi
//WP_based/Engines/MeasurementEngine/Private/Settings/ReturnNotifierFG/Typedefs/MeasEn_ReturnNotifierAction.ctl	 igor.pugliesi
//WP_based/Engines/MeasurementEngine/Private/Settings/ReturnNotifierFG/Typedefs/MeasEn_ReturnNotifierType.ctl	 igor.pugliesi
//WP_based/Engines/MeasurementEngine/Public/Environment/MeasEn_NX_Env_FP-Open(ComAppServer).vi	 igor.pugliesi
//WP_based/Engines/MeasurementEngine/Public/Environment/MeasEn_NX_Env_FP-Open(RunScriptLbL).vi	 igor.pugliesi
//WP_based/Engines/MeasurementEngine/Public/Environment/MeasEn_NX_Env_FP-Open(SynWrpServer).vi	 igor.pugliesi
//WP_based/Engines/MeasurementEngine/Public/Environment/MeasEn_NX_Env_LoadFPintoSubPnl(SynWrpServer).vi	 igor.pugliesi
//WP_based/Engines/MeasurementEngine/Public/MeasEn_BM_Main(Starter).vi	 igor.pugliesi
//WP_based/Engines/MeasurementEngine/Public/MeasEn_BM_MainPE.vi	 igor.pugliesi
//WP_based/Engines/MeasurementEngine/Public/ModuleBus/ActionRequests(Commands)/MeasEn_NX_ModuleBus_ActionRequest_API-Cmd(Display).vi	 igor.pugliesi
//WP_based/Engines/MeasurementEngine/Public/ModuleBus/ActionRequests(Commands)/MeasEn_NX_ModuleBus_ActionRequest_API-Cmd(EmergencyStop).vi	 igor.pugliesi
//WP_based/Engines/MeasurementEngine/Public/ModuleBus/ActionRequests(Commands)/MeasEn_NX_ModuleBus_ActionRequest_API-Cmd(GeneralError).vi	 igor.pugliesi
//WP_based/Engines/MeasurementEngine/Public/ModuleBus/ActionRequests(Commands)/MeasEn_NX_ModuleBus_ActionRequest_API-Cmd(HTSMode).vi	 igor.pugliesi
//WP_based/Engines/MeasurementEngine/Public/ModuleBus/ActionRequests(Commands)/MeasEn_NX_ModuleBus_ActionRequest_API-Cmd(HWCmd).vi	 igor.pugliesi
//WP_based/Engines/MeasurementEngine/Public/ModuleBus/ActionRequests(Commands)/MeasEn_NX_ModuleBus_ActionRequest_API-Cmd(NewChip).vi	 igor.pugliesi
//WP_based/Engines/MeasurementEngine/Public/ModuleBus/ActionRequests(Commands)/MeasEn_NX_ModuleBus_ActionRequest_API-Cmd(NewData).vi	 igor.pugliesi
//WP_based/Engines/MeasurementEngine/Public/ModuleBus/ActionRequests(Commands)/MeasEn_NX_ModuleBus_ActionRequest_API-Cmd(Protocol).vi	 igor.pugliesi
//WP_based/Engines/MeasurementEngine/Public/ModuleBus/ActionRequests(Commands)/MeasEn_NX_ModuleBus_ActionRequest_API-Cmd(Ready2Display).vi	 igor.pugliesi
//WP_based/Engines/MeasurementEngine/Public/ModuleBus/ActionRequests(Commands)/MeasEn_NX_ModuleBus_ActionRequest_API-Cmd(RemoveChip).vi	 igor.pugliesi
//WP_based/Engines/MeasurementEngine/Public/ModuleBus/ActionRequests(Commands)/MeasEn_NX_ModuleBus_ActionRequest_API-Cmd(ScriptCmd).vi	 igor.pugliesi
//WP_based/Engines/MeasurementEngine/Public/ModuleBus/ActionRequests(Commands)/MeasEn_NX_ModuleBus_ActionRequest_API-Cmd(Shutdown).vi	 igor.pugliesi
//WP_based/Engines/MeasurementEngine/Public/ModuleBus/ActionRequests(Commands)/MeasEn_NX_ModuleBus_ActionRequest_API-Cmd(Startup).vi	 igor.pugliesi
//WP_based/Engines/MeasurementEngine/Public/ModuleBus/ActionRequests(Commands)/MeasEn_NX_ModuleBus_ActionRequest_API-Cmd(SystemFlush).vi	 igor.pugliesi
//WP_based/Engines/MeasurementEngine/Public/ModuleBus/ActionRequests(Commands)/MeasEn_NX_ModuleBus_ActionRequest_API-Cmd(TestPulse).vi	 igor.pugliesi
//WP_based/Engines/MeasurementEngine/Public/ModuleBus/ActionRequests(Commands)/MeasEn_NX_ModuleBus_ActionRequest_API-Cmd(Transaction).vi	 igor.pugliesi
//WP_based/Engines/MeasurementEngine/Public/ModuleBus/ActionRequests(Commands)/MeasEn_NX_ModuleBus_ActionRequest_API-Cmd(WrapperCmd).vi	 igor.pugliesi
//WP_based/Engines/MeasurementEngine/Public/ModuleBus/ActionRequests(Commands)/TEMPLATE_MeasEn_NX_ModuleBus_ActionRequest_API-Cmd(-----).vit	 igor.pugliesi
//WP_based/Engines/MeasurementEngine/Public/ModuleBus/ActionRequests(Commands)/typedefs/MeasEn_ModuleBus_ActionRequest(Command).ctl	 igor.pugliesi
//WP_based/Engines/MeasurementEngine/Public/ModuleBus/ActionRequests(Commands)/typedefs/MeasEn_ModuleBus_ActionRequest_Display_CellParamThresholds(Data).ctl	 igor.pugliesi
//WP_based/Engines/MeasurementEngine/Public/ModuleBus/ActionRequests(Commands)/typedefs/MeasEn_ModuleBus_ActionRequest_Display_FinalizeForProtocol(Data).ctl	 igor.pugliesi
//WP_based/Engines/MeasurementEngine/Public/ModuleBus/ActionRequests(Commands)/typedefs/MeasEn_ModuleBus_ActionRequest_Display_Rescale(Data).ctl	 igor.pugliesi
//WP_based/Engines/MeasurementEngine/Public/ModuleBus/ActionRequests(Commands)/typedefs/MeasEn_ModuleBus_ActionRequest_Display_Rescale(Data_AxisType).ctl	 igor.pugliesi
//WP_based/Engines/MeasurementEngine/Public/ModuleBus/ActionRequests(Commands)/typedefs/MeasEn_ModuleBus_ActionRequest_Display_Rescale(Data_GraphType).ctl	 igor.pugliesi
//WP_based/Engines/MeasurementEngine/Public/ModuleBus/ActionRequests(Commands)/typedefs/MeasEn_ModuleBus_ActionRequest_Display_Type.ctl	 igor.pugliesi
//WP_based/Engines/MeasurementEngine/Public/ModuleBus/ActionRequests(Commands)/typedefs/MeasEn_ModuleBus_ActionRequest_NewData_Type.ctl	 igor.pugliesi
//WP_based/Engines/MeasurementEngine/Public/ModuleBus/ActionRequests(Commands)/typedefs/MeasEn_ModuleBus_ActionRequest_Protocol_Type.ctl	 igor.pugliesi
//WP_based/Engines/MeasurementEngine/Public/ModuleBus/ActionRequests(Commands)/typedefs/MeasEn_ModuleBus_ActionRequest_ScriptCmd_Sender.ctl	 igor.pugliesi
//WP_based/Engines/MeasurementEngine/Public/ModuleBus/ActionRequests(Commands)/typedefs/MeasEn_ModuleBus_ActionRequest_Startup_Mode.ctl	 igor.pugliesi
//WP_based/Engines/MeasurementEngine/Public/ModuleBus/ActionRequests(Commands)/typedefs/MeasEn_ModuleBus_ActionRequest_TestPulse_Data.ctl	 igor.pugliesi
//WP_based/Engines/MeasurementEngine/Public/ModuleBus/ActionRequests(Commands)/typedefs/MeasEn_ModuleBus_ActionRequest_Transaction(Data).ctl	 igor.pugliesi
//WP_based/Engines/MeasurementEngine/Public/ModuleBus/ActionRequests(Commands)/typedefs/MeasEn_ModuleBus_ActionRequest_Transaction(DialogMode).ctl	 igor.pugliesi
//WP_based/Engines/MeasurementEngine/Public/ModuleBus/MeasEn_BO_ModuleBus_DisplayRequest_Wait(for_new_Cmd).vi	 igor.pugliesi
//WP_based/Engines/MeasurementEngine/Public/ModuleBus/MeasEn_NO_General_BUS-IO_Access(Read-Write).vim	 igor.pugliesi
//WP_based/Engines/MeasurementEngine/Public/ModuleBus/MeasEn_NO_ModuleBus(CheckForExit).vi	 igor.pugliesi
//WP_based/Engines/MeasurementEngine/Public/ModuleBus/MeasEn_NO_ModuleBus(Close).vi	 igor.pugliesi
//WP_based/Engines/MeasurementEngine/Public/ModuleBus/MeasEn_NO_ModuleBus(Open).vi	 igor.pugliesi
//WP_based/Engines/MeasurementEngine/Public/ModuleBus/typedefs/MeasEn_ModuleBus(MeasEn).ctl	 igor.pugliesi
//WP_based/Engines/MeasurementEngine/Public/ModuleBus/typedefs/MeasEn_ModuleBus_ActionRequest.ctl	 igor.pugliesi
//WP_based/Engines/MeasurementEngine/Public/ModuleBus/typedefs/MeasEn_ModuleBus_General_SubCmd(TransAction).ctl	 igor.pugliesi
//WP_based/Engines/MeasurementEngine/Public/ModuleBus/typedefs/MeasEn_ModuleBus_SubCmd(HWCmd).ctl	 igor.pugliesi
//WP_based/Engines/MeasurementEngine/Public/ModuleBus/typedefs/MeasEn_ModuleBus_UpdateRequest.ctl	 igor.pugliesi
//WP_based/Engines/MeasurementEngine/Public/ModuleBus/UpdateRequests(Commands)/MeasEn_NX_ModuleBus_UpdateRequest_API-Cmd(Display).vi	 igor.pugliesi
//WP_based/Engines/MeasurementEngine/Public/ModuleBus/UpdateRequests(Commands)/MeasEn_NX_ModuleBus_UpdateRequest_API-Cmd(HTSMode).vi	 igor.pugliesi
//WP_based/Engines/MeasurementEngine/Public/ModuleBus/UpdateRequests(Commands)/MeasEn_NX_ModuleBus_UpdateRequest_API-Cmd(NewData).vi	 igor.pugliesi
//WP_based/Engines/MeasurementEngine/Public/ModuleBus/UpdateRequests(Commands)/MeasEn_NX_ModuleBus_UpdateRequest_API-Cmd(Shutdown).vi	 igor.pugliesi
//WP_based/Engines/MeasurementEngine/Public/ModuleBus/UpdateRequests(Commands)/MeasEn_NX_ModuleBus_UpdateRequest_API-Cmd(Transaction).vi	 igor.pugliesi
//WP_based/Engines/MeasurementEngine/Public/ModuleBus/UpdateRequests(Commands)/TEMPLATE_MeasEn_NX_ModuleBus_UpdateRequest_API-Cmd(-----).vit	 igor.pugliesi
//WP_based/Engines/MeasurementEngine/Public/ModuleBus/UpdateRequests(Commands)/typedefs/MeasEn_ModuleBus_UpdateRequest(Command).ctl	 igor.pugliesi
//WP_based/Engines/MeasurementEngine/Public/ModuleBus/UpdateRequests(Commands)/typedefs/MeasEn_ModuleBus_UpdateRequest_Display_Data(CellParamThresholds).ctl	 igor.pugliesi
//WP_based/Engines/MeasurementEngine/Public/ModuleBus/UpdateRequests(Commands)/typedefs/MeasEn_ModuleBus_UpdateRequest_Display_Data(ProtocolPause).ctl	 igor.pugliesi
//WP_based/Engines/MeasurementEngine/Public/ModuleBus/UpdateRequests(Commands)/typedefs/MeasEn_ModuleBus_UpdateRequest_Display_Type.ctl	 igor.pugliesi
//WP_based/Engines/MeasurementEngine/Public/ModuleBus/UpdateRequests(Commands)/typedefs/MeasEn_ModuleBus_UpdateRequest_HTSMode_SubCmd.ctl	 igor.pugliesi
//WP_based/Engines/MeasurementEngine/Public/ModuleBus/UpdateRequests(Commands)/typedefs/MeasEn_ModuleBus_UpdateRequest_NewData_Type.ctl	 igor.pugliesi
//WP_based/Engines/MeasurementEngine/Public/ModuleBus/UpdateRequests(Commands)/typedefs/MeasEn_ModuleBus_UpdateRequest_Transaction(Data).ctl	 igor.pugliesi
//WP_based/Engines/MeasurementEngine/Public/Notifier/MeasEn_NO_GenNotifierMes.vi	 igor.pugliesi
//WP_based/Engines/MeasurementEngine/Public/Settings/MeasEn_NX_HWConfigPE(API).vi	 igor.pugliesi
//WP_based/Engines/MeasurementEngine/Public/Settings/MeasEn_NX_HWSettingsPE(API).vi	 igor.pugliesi
//WP_based/Engines/MeasurementEngine/Public/Settings/MeasEn_OX_ReturnNotifierFG(API).vi	 igor.pugliesi
//WP_based/Engines/MeasurementEngine/Public/Settings/typedefs/MeasEn_Settings_HWConfigPE(FGV_Data).ctl	 igor.pugliesi
//WP_based/Engines/MeasurementEngine/Public/Settings/typedefs/MeasEn_Settings_HWSettingsPE(FGV_Data).ctl	 igor.pugliesi
//WP_based/Engines/MeasurementEngine/Public/SubVIs/MeasEn_NO_Ind2MeasEnCmdTranslator.vi	 igor.pugliesi
//WP_based/Engines/MeasurementEngine/Public/SubVIs/MeasEn_NX_AddChipToFGVs.vi	 igor.pugliesi
//WP_based/Engines/MeasurementEngine/Public/SubVIs/MeasEn_OX_FGMeasurementInfo.vi	 igor.pugliesi
//WP_based/Engines/MeasurementEngine/Public/SubVIs/typedefs/MeasEn_DisplayRefs.ctl	 igor.pugliesi
//WP_based/Engines/MeasurementEngine/Public/SubVIs/typedefs/MeasEn_FGMeasEnInfo_Action.ctl	 igor.pugliesi
//WP_based/Engines/MeasurementEngine/Public/SubVIs/typedefs/MeasEn_LastMeasurementAction.ctl	 igor.pugliesi
//WP_based/Engines/MeasurementEngine/Public/SubVIs/typedefs/MeasEn_MeasEnInfo.ctl	 igor.pugliesi
//WP_based/Engines/MeasurementEngine/Public/SubVIs/typedefs/MeasEn_ProtocolData.ctl	 igor.pugliesi
//WP_based/Engines/MeasurementEngine/Public/SubVIs/typedefs/MeasEn_ProtocolHistory(Value).ctl	 igor.pugliesi
//WP_based/Engines/MeasurementEngine/Public/SubVIs/typedefs/MeasEn_ProtocolHistory.ctl	 igor.pugliesi
//WP_based/Engines/SyncroWrapper New/Example(Test)/Public/SynWrpSm_BM_Application_Main.vi	 stephan.holzhauser
//WP_based/Engines/SyncroWrapper New/Private/Main-Consumer (MainState)/Exit/SynWrp_NM_Comsumer_MainState_Exit.vi	 stephan.holzhauser
//WP_based/Engines/SyncroWrapper New/Public/SynWrp_BM_Application_Main.vi	 stephan.holzhauser
//WP_based/Engines/TransactionEngine/Private/DataFG/TrAcEn_NX_FGData&Flow(SetRouting-ExportInfo).vi	 peter.prinzen
//WP_based/Engines/TransactionEngine/Private/EngineVIs/TrAcEn_NX_ManageTransactionStepStack.vi	 peter.prinzen
//WP_based/Engines/TransactionEngine/Private/StepVIs/TrAcEn_NX_InitReadAnaFile.vi	 kilian.frhler
//WP_based/Engines/TransactionEngine/Private/StepVIs/TrAcEn_NX_InitReadAnaFile.vi	 peter.prinzen
//WP_based/Panels/AnalyserPanel2Y/AnaPnl.lvproj	 peter.prinzen
//WP_based/Panels/AnalyserPanel2Y/Private/(2) Main-Consumer/Resize/AnaPnl_NX_Consumer_Resize.vi	 peter.prinzen
//WP_based/Panels/AnalyserPanel2Y/Private/(2) Main-Consumer/Startup/AnaPnl_NX_Consumer_Startup.vi	 peter.prinzen
//WP_based/Panels/AnalyserPanel2Y/Private/(2) Main-Consumer/WellList/AnaPnl_NX_Consumer_WellList-Change.vi	 peter.prinzen
//WP_based/Panels/AnalyserPanel2Y/Private/(2) Main-Consumer/WellList/AnaPnl_NX_Consumer_WellList-Scroll.vi	 peter.prinzen
//WP_based/Panels/AnalyserPanel2Y/Private/(2) Main-Consumer/WellList/NewSelection/AnaPnl_NX_Consumer_WellList_DisplaySelection.vi	 peter.prinzen
//WP_based/Panels/AnalyserPanel2Y/Private/(2) Main-Consumer/WellList/NewSelection/AnaPnl_NX_Consumer_WellList_Sort_TripleGraphVIs.vi	 peter.prinzen
//WP_based/Panels/AnalyserPanel2Y/Private/GraphicObjects/IC50-Control/AnaPnl_PX_GraphicObject_Handler(IC50-Control).vi	 peter.prinzen
//WP_based/Panels/AnalyserPanel2Y/Private/GraphicObjects/IC50-Graphic/AnaPnl_NX_CalcIC50HoverPoints.vi	 kilian.frhler
//WP_based/Panels/AnalyserPanel2Y/Private/GraphicObjects/IC50-Graphic/AnaPnl_NX_GraphObj_ICHL_ICGraphic(Resize).vi	 peter.prinzen
//WP_based/Panels/AnalyserPanel2Y/Private/GraphicObjects/IC50-Graphic/AnaPnl_PX_GraphicObject_Handler(IC50-Graphic).vi	 peter.prinzen
//WP_based/Panels/AnalyserPanel2Y/Private/GraphicObjects/OA-Control/AnaPnl_PX_GraphicObject_Handler(OA-Control).vi	 peter.prinzen
//WP_based/Panels/AnalyserPanel2Y/Private/GraphicObjects/OA-Graphic/AnaPnl_NX_GraphObj_OAHL_OAGraphic(Resize).vi	 peter.prinzen
//WP_based/Panels/AnalyserPanel2Y/Private/GraphicObjects/OA-Graphic/AnaPnl_NX_Util_DrawOAGraph+Data.vi	 peter.prinzen
//WP_based/Panels/AnalyserPanel2Y/Private/GraphicObjects/OA-Graphic/AnaPnl_PX_GraphicObject_Handler(OA-Graphic).vi	 peter.prinzen
//WP_based/Panels/AnalyserPanel2Y/Private/GraphicObjects/TG-Scroll/AnaPnl_NX_GraphicObject_FitScrollbarSize(TG-Scroll).vi	 peter.prinzen
//WP_based/Panels/AnalyserPanel2Y/Private/GraphicObjects/TG-Scroll/AnaPnl_PX_GraphicObject_Handler(TG-Scroll).vi	 peter.prinzen
//WP_based/Panels/AnalyserPanel2Y/Private/GraphicObjects/TR-Control/AnaPnl_PX_GraphicObject_Handler(TR-Control).vi	 peter.prinzen
//WP_based/Panels/AnalyserPanel2Y/Private/GraphicObjects/TR-Graphic/AnaPnl_PX_GraphicObject_Handler(TR-Graphic).vi	 peter.prinzen
//WP_based/Panels/AnalyserPanel2Y/Private/GraphicObjects/TripleGraph/AnaPnl_NX_GraphicObjects_Start-Clones(TripleGraph-Master).vi	 peter.prinzen
//WP_based/Panels/AnalyserPanel2Y/Private/GUI-Design/AnaPnl_NX_GUI-Design(FP-Visible%40Startup-Mode).vi	 peter.prinzen
//WP_based/Panels/AnalyserPanel2Y/Private/GUI-Design/AnaPnl_NX_Gui-Design(Start).vi	 peter.prinzen
//WP_based/Panels/AnalyserPanel2Y/Private/GUI-Design/AnaPnl_NX_Gui-Design_TripleGraph(GenerateElements).vi	 peter.prinzen
//WP_based/Panels/AnalyserPanel2Y/Public/GraphicObjects/OA/AnaPnl_NX_CalcAnaOAGraphY_CompConcMean.vi	 kilian.frhler
//WP_based/Panels/ResultTable/Private/GUI-Design/ResTbl_NX_GUI-Design(FP-Visible%40Startup-Mode).vi	 peter.prinzen
//WP_based/Panels/ResultTable/Private/GUI-Design/ResTbl_NX_GUI-Design(Start).vi	 peter.prinzen
//WP_based/Panels/WellPlate/Private/GraphicObjects/SingleWellOAGraphic/WPlate_NX_Util_DrawOAGraph+Data.vi	 peter.prinzen
//WP_based/Panels/WellPlate/Private/GraphicObjects/SingleWellOAGraphic/WPlate_PX_GraphicObject_Handler(SingleWellOAGraphic).vi	 peter.prinzen
//WP_based/Panels/WellPlate/Private/GraphicObjects/SingleWellTRControl/WPlate_PX_GraphicObject_Handler(SingleWellTRControl).vi	 peter.prinzen
//WP_based/Panels/WellPlate/Private/GraphicObjects/SingleWellTRGraphic/WPlate_NM_DrawTRGraphic.vi	 peter.prinzen
//WP_based/Panels/WellPlate/Private/GraphicObjects/SingleWellTRGraphic/WPlate_PX_GraphicObject_Handler(SingleWellTRGraphic).vi	 peter.prinzen
//WP_based/Panels/WellPlate/Private/GraphicObjects/WellSelectDisplay/WPlate_NX_GraphicObject_CalculateWellHoricontalScale(x.1).vi	 peter.prinzen
//WP_based/Panels/WellPlate/Private/GraphicObjects/WellSelectDisplay/WPlate_PX_GraphicObject_Handler(WellSelectDisplay).vi	 peter.prinzen
//WP_based/Panels/WellPlate/Private/GUI-Design/WPlate_NX_GUI-Design(Start).vi	 peter.prinzen
//WP_based/Panels/WellPlate/Private/GUI-Design/WPlate_NX_GUI-Design_SubPanel_Fit(All).vi	 peter.prinzen
//WP_based/Panels/WellPlate/Public/GraphicObjects/OA(HighLevel)/WPlate_NX_GraphObj_OAHL_OAGraphic(Resize).vi	 peter.prinzen
//WP_based/Writer/private/trace/Writer_NF_Trace_CheckDiskSpace(CreateTRFile).vi	 igor.pugliesi
//WP_based/Writer/private/trace/Writer_NF_Trace_CloseFileRef.vi	 igor.pugliesi
//WP_based/Writer/private/trace/Writer_NF_Trace_CreateTRFile.vi	 igor.pugliesi
//WP_based/Writer/private/trace/Writer_NF_Trace_FillUpMissingSweeps.vi	 igor.pugliesi
//WP_based/Writer/private/trace/Writer_NF_Trace_GetDataOfQueueAndStore.vi	 igor.pugliesi
//WP_based/Writer/private/trace/Writer_NF_Trace_GetNoOfColsInTRFile.vi	 igor.pugliesi
//WP_based/Writer/private/trace/Writer_NF_Trace_ObtainActualTracedatToResume.vi	 igor.pugliesi
//WP_based/Writer/private/trace/Writer_NF_Trace_OpenCreateTracedataFile.vi	 igor.pugliesi
//WP_based/Writer/private/trace/Writer_NF_Trace_ReadTracedata_cbc.vi	 igor.pugliesi
//WP_based/Writer/private/trace/Writer_NF_Trace_WriteNullData.vi	 igor.pugliesi
//WP_based/Writer/private/trace/Writer_NF_Trace_WriteTracedata.vi	 igor.pugliesi
//WP_based/Writer/private/trace/Writer_NX_Trace_StoreProtTRData.vi	 igor.pugliesi
//WP_based/Writer/private/trace/Writer_NX_Trace_Trace2SweepData.vi	 igor.pugliesi
//WP_based/Writer/private/trace/Writer_NX_Trace_UpdCounters.vi	 igor.pugliesi
//WP_based/Writer/private/trace/Writer_NX_Trace_UpdTraceParameters.vi	 igor.pugliesi
//WP_based/Writer/private/trace/Writer_NX_TraceFile_organisation.vi	 igor.pugliesi
//WP_based/Writer/private/utils/Writer_NF_Init_Series_Directory.vi	 igor.pugliesi
//WP_based/Writer/private/utils/Writer_NO_NotificationHandling.vi	 igor.pugliesi
//WP_based/Writer/private/utils/Writer_NO_StateReturn2MeasEn.vi	 igor.pugliesi
//WP_based/Writer/private/utils/Writer_NX_GetSampleStimulus.vi	 igor.pugliesi
//WP_based/Writer/private/utils/Writer_NX_InitTestTRData.vi	 igor.pugliesi
//WP_based/Writer/private/utils/Writer_NX_SetColTakeData.vi	 igor.pugliesi
//WP_based/Writer/private/utils/Writer_NX_SetRecInfoData.vi	 igor.pugliesi
//WP_based/Writer/private/utils/Writer_NX_StoreTestTRData.vi	 igor.pugliesi
//WP_based/Writer/private/utils/Writer_NX_TransformRecSettings_w2.vi	 igor.pugliesi
//WP_based/Writer/private/utils/Writer_NX_WRT-Ret_Data-WRT.vi	 igor.pugliesi
//WP_based/Writer/private/utils/Writer_OO_SetRecStateNotif.vi	 igor.pugliesi
//WP_based/Writer/private/utils/Writer_OX_LogWriteTiming.vi	 igor.pugliesi
//WP_based/Writer/public/chip.chip/Writer_NF_ChipFile_read.vi	 igor.pugliesi
//WP_based/Writer/public/chip.chip/Writer_NF_ChipFile_ReWrite_Part.vi	 igor.pugliesi
//WP_based/Writer/public/chip.chip/Writer_NF_ChipFile_WhereAreYou.vi	 igor.pugliesi
//WP_based/Writer/public/chip.chip/Writer_NF_ChipFile_Wrapper.vi	 igor.pugliesi
//WP_based/Writer/public/chip.chip/Writer_NF_ChipFile_Write.vi	 igor.pugliesi
//WP_based/Writer/public/ModuleBus/Typedefs/Writer_ModuleBus(Writer).ctl	 igor.pugliesi
//WP_based/Writer/public/ModuleBus/Writer_NO_ModuleBus(Open).vi	 igor.pugliesi
//WP_based/Writer/public/typedefs/Writer_CombinedMeasMode.ctl	 igor.pugliesi
//WP_based/Writer/public/typedefs/Writer_GetDataOfQueue_FG_Method.ctl	 igor.pugliesi
//WP_based/Writer/public/typedefs/Writer_MeasurementMode.ctl	 igor.pugliesi
//WP_based/Writer/public/typedefs/Writer_Settings.ctl	 igor.pugliesi
//WP_based/Writer/Writer.lvlib	 igor.pugliesi
//WP_based/Writer/Writer.lvproj	 igor.pugliesi
//WP_based/Writer/Writer_NF_Main.vi	 igor.pugliesi
//WP_Projects/Amplifier/USB_DAQ96/Tree_USB_DAQ96_Cfg_StimulationCE+SOL.ctl	 peter.prinzen
//WP_Projects/CardioExcyte/CardioExcyte_StimCFGofSweep.vi	 peter.prinzen
//WP_Projects/CardioExcyte/CE_StimSettingsCluster_V1.1.ctl	 peter.prinzen
//WP_Projects/CardioExcyte/Stimulation/Variant2StimCfg.vi	 peter.prinzen
//WP_Projects/Common_Indicator/SubVis/TransformGenericEvents2StimSettings.vi	 peter.prinzen
//WP_Projects/Common_Indicator/Typedefs/96Ind_CompStateProt.ctl	 peter.prinzen
//WP_Projects/HWLib/SyncroControl/SyncroControl.lvlib	 igor.pugliesi
//WP_Projects/HWLib/Tecella/Public/MachControl.vi	 igor.pugliesi
//WP_Projects/HWLib/Tecella/Public/Rseries/Typedefs/Tecella_AmpPowerStatus_Mode.ctl	 igor.pugliesi
//WP_Projects/HWLib/Tecella/Public/Tec_HWGlobal_Surfer.vi	 peter.prinzen
//WP_Projects/HWLib/Tecella/Public/TECELLA_NX_CheckAmpPowerStatus.vi	 igor.pugliesi
//WP_Projects/HWLib/TempReservoir/public/TR_Main.vi	 Arnel.Babovic
//WP_Projects/HWLib/TempReservoir/public/TR_Set_Pump.vi	 Arnel.Babovic
//WP_Projects/HWLib/TempReservoir/TempReservoir.lvproj	 Arnel.Babovic
//Write Std Out with Redirection.vi	 peter.prinzen
	
